,CO,Ar,CO$_2$,time
0,0.17716134815884868,0.17800505139348455,0.177328865007485,1.9980005
